[
  {
    "username": "Alice",
    "userId": "001",
    "responses": [
      {
        "question": "What is your favorite color?",
        "answer": "1"
      },
      {
        "question": "How often do you use our service?",
        "answer": "2"
      }
    ]
  },
  {
    "username": "Alice",
    "userId": "001",
    "responses": [
      {
        "question": "What is your favorite color?",
        "answer": "123"
      },
      {
        "question": "How often do you use our service?",
        "answer": "324234"
      }
    ]
  },
  {
    "username": "Alice",
    "userId": "001",
    "responses": [
      {
        "question": "What is your favorite color?",
        "answer": "1"
      },
      {
        "question": "How often do you use our service?",
        "answer": "223"
      }
    ]
  },
  {
    "username": "Alice",
    "userId": "001",
    "responses": [
      {
        "question": "What is your favorite color?",
        "answer": "123123"
      },
      {
        "question": "How often do you use our service?",
        "answer": "324324"
      }
    ]
  },
  {
    "username": "Bob",
    "userId": "002",
    "responses": [
      {
        "question": "What features do you expect to see?",
        "answer": "123"
      },
      {
        "question": "How would you rate our service?",
        "answer": "444"
      }
    ]
  }
]