{
    "users": [
        {
            "name": "丁宁",
            "id": "4195424",
            "questions": [
                "请对教师 曹 Wendy 的满意度进行评价",
                "请对教师 马 Gloria 的满意度进行评价",
                "请对教师 马 Alex 的满意度进行评价"
            ]
        },
        {
            "name": "刘晏宁",
            "id": "4196943",
            "questions": [
                "请对教师 左 Alan 的满意度进行评价",
                "请对教师 马 Gloria 的满意度进行评价",
                "请对教师 李 Phoenix 的满意度进行评价"
            ]
        },
        {
            "name": "朱墨言",
            "id": "4193866",
            "questions": [
                "请对教师 方 Andy 的满意度进行评价",
                "请对教师 李 Anthony 的满意度进行评价",
                "请对教师 游 Cindy 的满意度进行评价"
            ]
        },
        {
            "name": "陈梦泽",
            "id": "4193881",
            "questions": [
                "请对教师 马 Alex 的满意度进行评价",
                "请对教师 殷 Wayne 的满意度进行评价",
                "请对教师 李 Elune 的满意度进行评价"
            ]
        },
        {
            "name": "惠子安",
            "id": "4192274",
            "questions": [
                "请对教师 朱 Jason 的满意度进行评价",
                "请对教师 张 Jessica 的满意度进行评价",
                "请对教师 李 Anthony 的满意度进行评价"
            ]
        },
        {
            "name": "李振源",
            "id": "4201489",
            "questions": [
                "请对教师 马 Gloria 的满意度进行评价",
                "请对教师 郭 Jamie 的满意度进行评价",
                "请对教师 左 Alan 的满意度进行评价"
            ]
        },
        {
            "name": "刘君诚",
            "id": "4289739",
            "questions": [
                "请对教师 李 Winnie 的满意度进行评价",
                "请对教师 张 Jessica 的满意度进行评价",
                "请对教师 常 Fenfen 的满意度进行评价"
            ]
        },
        {
            "name": "刘思涵",
            "id": "4195964",
            "questions": [
                "请对教师 郭 Jamie 的满意度进行评价",
                "请对教师 游 Cindy 的满意度进行评价",
                "请对教师 殷 Wayne 的满意度进行评价"
            ]
        },
        {
            "name": "王梓菡",
            "id": "4195971",
            "questions": [
                "请对教师 李 Phoenix 的满意度进行评价",
                "请对教师 朱 Jason 的满意度进行评价",
                "请对教师 左 Alan 的满意度进行评价"
            ]
        },
        {
            "name": "杨森钒",
            "id": "4202460",
            "questions": [
                "请对教师 常 Fenfen 的满意度进行评价",
                "请对教师 马 Alex 的满意度进行评价",
                "请对教师 汪 Jenny 的满意度进行评价"
            ]
        },
        {
            "name": "尹苇杭",
            "id": "4194333",
            "questions": [
                "请对教师 常 Fenfen 的满意度进行评价",
                "请对教师 马 Gloria 的满意度进行评价",
                "请对教师 郭 Jamie 的满意度进行评价"
            ]
        },
        {
            "name": "张仕琨",
            "id": "4194379",
            "questions": [
                "请对教师 乔纳森 Jonathan 的满意度进行评价",
                "请对教师 丁 Yvonne 的满意度进行评价",
                "请对教师 李 Elune 的满意度进行评价"
            ]
        },
        {
            "name": "张文馨",
            "id": "4195944",
            "questions": [
                "请对教师 汪 Jenny 的满意度进行评价",
                "请对教师 乔纳森 Jonathan 的满意度进行评价",
                "请对教师 鲍 Teri 的满意度进行评价"
            ]
        },
        {
            "name": "陈其菡",
            "id": "4194378",
            "questions": [
                "请对教师 乔纳森 Jonathan 的满意度进行评价",
                "请对教师 李 Phoenix 的满意度进行评价",
                "请对教师 方 Andy 的满意度进行评价"
            ]
        },
        {
            "name": "戴安娜",
            "id": "4193826",
            "questions": [
                "请对教师 乔纳森 Jonathan 的满意度进行评价",
                "请对教师 马 Alex 的满意度进行评价",
                "请对教师 何 Dacheng 的满意度进行评价"
            ]
        },
        {
            "name": "何佳昊",
            "id": "4216262",
            "questions": [
                "请对教师 李 Elune 的满意度进行评价",
                "请对教师 何 Dacheng 的满意度进行评价",
                "请对教师 赵 Vincent 的满意度进行评价"
            ]
        },
        {
            "name": "何牧",
            "id": "4199330",
            "questions": [
                "请对教师 赵 Ruby 的满意度进行评价",
                "请对教师 鲍 Teri 的满意度进行评价",
                "请对教师 马 Alex 的满意度进行评价"
            ]
        },
        {
            "name": "蒋郁楠",
            "id": "4201524",
            "questions": [
                "请对教师 赵 Ruby 的满意度进行评价",
                "请对教师 方 Andy 的满意度进行评价",
                "请对教师 马 Gloria 的满意度进行评价"
            ]
        },
        {
            "name": "金真涵",
            "id": "4197052",
            "questions": [
                "请对教师 李 Elune 的满意度进行评价",
                "请对教师 曹 Wendy 的满意度进行评价",
                "请对教师 方 Andy 的满意度进行评价"
            ]
        },
        {
            "name": "李汇川",
            "id": "4202461",
            "questions": [
                "请对教师 乔纳森 Jonathan 的满意度进行评价",
                "请对教师 郭 Jamie 的满意度进行评价",
                "请对教师 李 Phoenix 的满意度进行评价"
            ]
        },
        {
            "name": "李声阅",
            "id": "4207789",
            "questions": [
                "请对教师 李 Phoenix 的满意度进行评价",
                "请对教师 郭 Jamie 的满意度进行评价",
                "请对教师 李 Anthony 的满意度进行评价"
            ]
        },
        {
            "name": "李知行",
            "id": "4195941",
            "questions": [
                "请对教师 张 Jessica 的满意度进行评价",
                "请对教师 左 Alan 的满意度进行评价",
                "请对教师 鲍 Teri 的满意度进行评价"
            ]
        },
        {
            "name": "王语晨",
            "id": "4215417",
            "questions": [
                "请对教师 鲍 Teri 的满意度进行评价",
                "请对教师 殷 Wayne 的满意度进行评价",
                "请对教师 乔纳森 Jonathan 的满意度进行评价"
            ]
        },
        {
            "name": "张子扬",
            "id": "4193699",
            "questions": [
                "请对教师 赵 Vincent 的满意度进行评价",
                "请对教师 丁 Yvonne 的满意度进行评价",
                "请对教师 方 Andy 的满意度进行评价"
            ]
        },
        {
            "name": "衷奕",
            "id": "4195957",
            "questions": [
                "请对教师 郭 Jamie 的满意度进行评价",
                "请对教师 马 Gloria 的满意度进行评价",
                "请对教师 李 Anthony 的满意度进行评价"
            ]
        },
        {
            "name": "邹予馨",
            "id": "4197036",
            "questions": [
                "请对教师 朱 Jason 的满意度进行评价",
                "请对教师 赵 Vincent 的满意度进行评价",
                "请对教师 李 Anthony 的满意度进行评价"
            ]
        },
        {
            "name": "曹衍梓",
            "id": "4193903",
            "questions": [
                "请对教师 曹 Wendy 的满意度进行评价",
                "请对教师 方 Andy 的满意度进行评价",
                "请对教师 马 Alex 的满意度进行评价"
            ]
        },
        {
            "name": "倪玮祺",
            "id": "4197017",
            "questions": [
                "请对教师 张 Jessica 的满意度进行评价",
                "请对教师 马 Gloria 的满意度进行评价",
                "请对教师 游 Cindy 的满意度进行评价"
            ]
        },
        {
            "name": "彭昊",
            "id": "4201484",
            "questions": [
                "请对教师 左 Alan 的满意度进行评价",
                "请对教师 郭 Jamie 的满意度进行评价",
                "请对教师 鲍 Teri 的满意度进行评价"
            ]
        },
        {
            "name": "孙以牧",
            "id": "4193806",
            "questions": [
                "请对教师 张 Jessica 的满意度进行评价",
                "请对教师 殷 Wayne 的满意度进行评价",
                "请对教师 李 Elune 的满意度进行评价"
            ]
        },
        {
            "name": "翁筱浒",
            "id": "4310780",
            "questions": [
                "请对教师 马 Alex 的满意度进行评价",
                "请对教师 马 Gloria 的满意度进行评价",
                "请对教师 张 Jessica 的满意度进行评价"
            ]
        },
        {
            "name": "武芝妍",
            "id": "4195945",
            "questions": [
                "请对教师 郭 Jamie 的满意度进行评价",
                "请对教师 常 Fenfen 的满意度进行评价",
                "请对教师 马 Gloria 的满意度进行评价"
            ]
        },
        {
            "name": "谢子容",
            "id": "4197019",
            "questions": [
                "请对教师 李 Winnie 的满意度进行评价",
                "请对教师 丁 Yvonne 的满意度进行评价",
                "请对教师 郭 Jamie 的满意度进行评价"
            ]
        },
        {
            "name": "徐嘉蔓",
            "id": "4197123",
            "questions": [
                "请对教师 乔纳森 Jonathan 的满意度进行评价",
                "请对教师 张 Jessica 的满意度进行评价",
                "请对教师 李 Anthony 的满意度进行评价"
            ]
        },
        {
            "name": "杨斯涵",
            "id": "4201897",
            "questions": [
                "请对教师 殷 Wayne 的满意度进行评价",
                "请对教师 李 Phoenix 的满意度进行评价",
                "请对教师 左 Alan 的满意度进行评价"
            ]
        },
        {
            "name": "杨泽瑞",
            "id": "4194349",
            "questions": [
                "请对教师 张 Jessica 的满意度进行评价",
                "请对教师 赵 Ruby 的满意度进行评价",
                "请对教师 殷 Wayne 的满意度进行评价"
            ]
        },
        {
            "name": "张靖昕",
            "id": "4201487",
            "questions": [
                "请对教师 赵 Ruby 的满意度进行评价",
                "请对教师 游 Cindy 的满意度进行评价",
                "请对教师 李 Phoenix 的满意度进行评价"
            ]
        },
        {
            "name": "张艺豪",
            "id": "4193722",
            "questions": [
                "请对教师 郭 Jamie 的满意度进行评价",
                "请对教师 李 Elune 的满意度进行评价",
                "请对教师 方 Andy 的满意度进行评价"
            ]
        },
        {
            "name": "陈炜齐",
            "id": "4195967",
            "questions": [
                "请对教师 汪 Jenny 的满意度进行评价",
                "请对教师 鲍 Teri 的满意度进行评价",
                "请对教师 何 Dacheng 的满意度进行评价"
            ]
        },
        {
            "name": "叶东林",
            "id": "4202083",
            "questions": [
                "请对教师 左 Alan 的满意度进行评价",
                "请对教师 马 Gloria 的满意度进行评价",
                "请对教师 方 Andy 的满意度进行评价"
            ]
        },
        {
            "name": "袁帅",
            "id": "4193895",
            "questions": [
                "请对教师 赵 Ruby 的满意度进行评价",
                "请对教师 张 Jessica 的满意度进行评价",
                "请对教师 乔纳森 Jonathan 的满意度进行评价"
            ]
        },
        {
            "name": "韩少博",
            "id": "4199409",
            "questions": [
                "请对教师 游 Cindy 的满意度进行评价",
                "请对教师 殷 Wayne 的满意度进行评价",
                "请对教师 马 Alex 的满意度进行评价"
            ]
        },
        {
            "name": "蔡子萌",
            "id": "4196942",
            "questions": [
                "请对教师 赵 Ruby 的满意度进行评价",
                "请对教师 赵 Vincent 的满意度进行评价",
                "请对教师 李 Phoenix 的满意度进行评价",
                 "请对教师 李 Xian 的满意度进行评价"
            ]
        },
        {
            "name": "陈俊贤",
            "id": "4201513",
            "questions": [
                "请对教师 李 Elune 的满意度进行评价",
                "请对教师 李 Anthony 的满意度进行评价",
                "请对教师 乔纳森 Jonathan 的满意度进行评价"
            ]
        },
        {
            "name": "马蔚冉",
            "id": "4194334",
            "questions": [
                "请对教师 乔纳森 Jonathan 的满意度进行评价",
                "请对教师 马 Gloria 的满意度进行评价",
                "请对教师 赵 Ruby 的满意度进行评价"
            ]
        },
        {
            "name": "王艺奇",
            "id": "4215425",
            "questions": [
                "请对教师 鲍 Teri 的满意度进行评价",
                "请对教师 曹 Wendy 的满意度进行评价",
                "请对教师 游 Cindy 的满意度进行评价"
            ]
        },
        {
            "name": "张梓涵",
            "id": "4196064",
            "questions": [
                "请对教师 李 Elune 的满意度进行评价",
                "请对教师 郭 Jamie 的满意度进行评价",
                "请对教师 马 Gloria 的满意度进行评价"
            ]
        },
        {
            "name": "顾钰琪",
            "id": "4199936",
            "questions": [
                "请对教师 方 Andy 的满意度进行评价",
                "请对教师 李 Elune 的满意度进行评价",
                "请对教师 朱 Jason 的满意度进行评价"
            ]
        },
        {
            "name": "黄睿",
            "id": "4280172",
            "questions": [
                "请对教师 赵 Vincent 的满意度进行评价",
                "请对教师 李 Winnie 的满意度进行评价",
                "请对教师 马 Gloria 的满意度进行评价"
            ]
        },
        {
            "name": "李天昊",
            "id": "4199366",
            "questions": [
                "请对教师 朱 Jason 的满意度进行评价",
                "请对教师 汪 Jenny 的满意度进行评价",
                "请对教师 赵 Vincent 的满意度进行评价"
            ]
        },
        {
            "name": "江丙丞",
            "id": "4261236",
            "questions": [
                "请对教师 李 Winnie 的满意度进行评价",
                "请对教师 方 Andy 的满意度进行评价",
                "请对教师 李 Anthony 的满意度进行评价"
            ]
        }
    ]
}